{
  "options": {
    "paths": {
      "root": "tileserver",
      "fonts": "fonts",
      "sprites": "styles",
      "icons": "styles/icons",
      "styles": "styles",
      "mbtiles": "/data",
      "pmtiles": "/data",
      "files": "/data"
    },
    "domains": [
      "localhost:8080",
      "127.0.0.1:8080"
    ],
    "formatOptions": {
      "jpeg": {
        "quality": 80
      },
      "webp": {
        "quality": 90
      }
    },
    "maxScaleFactor": 3,
    "maxSize": 2048,
    "pbfAlias": "pbf",
    "serveAllFonts": false,
    "serveAllStyles": false,
    "serveStaticMaps": true,
    "allowRemoteMarkerIcons": true,
    "allowInlineMarkerImages": true,
    "staticAttributionText": "© OpenMapTiles  © OpenStreetMaps",
    "tileMargin": 0
  },
  "styles": {
    "osm-bright": {
      "style": "/data/tileserver/styles/osm-bright/style.json",
      "tilejson": {
        "minzoom": 0,
        "maxzoom": 14,
        "pixel_scale": "256",
        "maskLevel": "8",
        "vector_layers": [],
        "bounds": [112, -47.5, 178.6, -10],
        "center": [145.3,-28.8,1]
      }
    },
    "osm-dark": {
      "style": "/data/tileserver/styles/osm-dark/style.json",
      "tilejson": {
        "minzoom": 0,
        "maxzoom": 14,
        "pixel_scale": "256",
        "maskLevel": "8",
        "vector_layers": [],
        "bounds": [112, -47.5, 178.6, -10],
        "center": [145.3,-28.8,1]
      }
    },
    "remote": {
      "style": "https://demotiles.maplibre.org/style.json"
    }
  },
  "data": {
    "v3": {
      "mbtiles": "tiles.mbtiles"
    }
  }
}
